1,https://www.cian.ru/cat.php?bbox=56.0997233901%2C36.7516463512%2C56.1797535595%2C37.0729964488&deal_type=sale&engine_version=2&in_polygon%5B1%5D=36.9126647_56.130252%2C36.9181579_56.1266055%2C36.9229644_56.1225752%2C36.9284576_56.1189287%2C36.935324_56.1162418%2C36.9435638_56.1160499%2C36.9514602_56.1175853%2C36.9518035_56.1223833%2C36.9524902_56.1269894%2C36.9511169_56.1315954%2C36.9483703_56.1362015%2C36.9494003_56.1409995%2C36.9452804_56.1450299%2C36.937384_56.1473329%2C36.9288009_56.149444%2C36.9222778_56.1527067%2C36.9164413_56.1561612%2C36.9088882_56.1580804%2C36.9009918_56.1601916%2C36.8930953_56.1626865%2C36.8848556_56.1634542%2C36.881079_56.15904%2C36.8786758_56.1546259%2C36.8755859_56.1502117%2C36.8731826_56.1457975%2C36.8721526_56.1411914%2C36.8769592_56.1371611%2C36.8855422_56.1354338%2C36.8934387_56.1340904%2C36.9013351_56.132747%2C36.9085449_56.1304439%2C36.9126647_56.130252&maxsite=250&object_type%5B0%5D=3&offer_type=suburban&polygon_name%5B1%5D=%D0%9E%D0%B1%D0%BB%D0%B0%D1%81%D1%82%D1%8C+%D0%BF%D0%BE%D0%B8%D1%81%D0%BA%D0%B0
4,https://www.cian.ru/cat.php?bbox=56.0805722535%2C36.7899317621%2C56.1669641753%2C36.9464869379&deal_type=sale&engine_version=2&in_polygon%5B1%5D=36.9092364_56.1298363%2C36.9020266_56.1325235%2C36.8948168_56.1348269%2C36.8862338_56.1350189%2C36.879024_56.1375142%2C36.8707842_56.13809%2C36.8635745_56.1352108%2C36.8594546_56.1311799%2C36.8515582_56.1329074%2C36.8429751_56.1329074%2C36.836452_56.1300282%2C36.8295855_56.1273409%2C36.8254656_56.12331%2C36.8213458_56.1192791%2C36.824779_56.1150563%2C36.8330187_56.1140965%2C36.8412585_56.1133287%2C36.8494982_56.1127529%2C36.857738_56.1125609%2C36.866321_56.1116012%2C36.8745608_56.1106415%2C36.8828005_56.1100656%2C36.8910403_56.1094898%2C36.89928_56.1098737%2C36.9047732_56.1135207%2C36.9088931_56.1175516%2C36.9123263_56.1219664%2C36.9150729_56.1265732%2C36.9095797_56.1302202%2C36.9092364_56.1298363&maxsite=250&object_type%5B0%5D=3&offer_type=suburban&polygon_name%5B1%5D=%D0%9E%D0%B1%D0%BB%D0%B0%D1%81%D1%82%D1%8C+%D0%BF%D0%BE%D0%B8%D1%81%D0%BA%D0%B0
5,https://www.cian.ru/cat.php?bbox=56.0584299587%2C36.8357380121%2C56.144871755%2C36.9922931879&deal_type=sale&engine_version=2&in_polygon%5B1%5D=36.9245728_56.1292402%2C36.9204529_56.1301994%2C36.915818_56.1310627%2C36.9116982_56.1312545%2C36.90775_56.1305831%2C36.9041451_56.1291443%2C36.9007118_56.1275137%2C36.8981369_56.1256913%2C36.896077_56.1235811%2C36.8948754_56.121279%2C36.8940171_56.1188811%2C36.8929871_56.1163872%2C36.8923004_56.1138934%2C36.8917855_56.1115913%2C36.8914421_56.1090975%2C36.8912705_56.1066995%2C36.8912705_56.1042057%2C36.8912705_56.1017118%2C36.8914421_56.0994098%2C36.8917855_56.0970118%2C36.8924721_56.0945179%2C36.8926438_56.0920241%2C36.8929871_56.089722%2C36.8931587_56.0873241%2C36.8931587_56.0849261%2C36.8926438_56.0826241%2C36.8923004_56.0803221%2C36.8940171_56.0782119%2C36.8959053_56.0759099%2C36.8981369_56.0738956%2C36.9012268_56.072265%2C36.9055184_56.0720731%2C36.9096382_56.0723609%2C36.9141014_56.0725527%2C36.9187363_56.0729364%2C36.9228562_56.0735119%2C36.9268044_56.0743752%2C36.9302376_56.0758139%2C36.9331558_56.0774445%2C36.9353874_56.0795547%2C36.9362457_56.0818568%2C36.9367607_56.0842547%2C36.9367607_56.0866527%2C36.9367607_56.0892424%2C36.9365891_56.0917363%2C36.9359024_56.0940383%2C36.9355591_56.0963404%2C36.9353874_56.0987383%2C36.9350441_56.1010404%2C36.9347008_56.1035342%2C36.9343575_56.106124%2C36.9340142_56.108522%2C36.9338425_56.1109199%2C36.9334992_56.1133179%2C36.9333275_56.1156199%2C36.9331558_56.1180178%2C36.9331558_56.1204158%2C36.9328125_56.1228137%2C36.9319542_56.1252117%2C36.9297226_56.127226%2C36.9262894_56.1286647%2C36.9245728_56.1292402&maxsite=250&object_type%5B0%5D=3&offer_type=suburban&polygon_name%5B1%5D=%D0%9E%D0%B1%D0%BB%D0%B0%D1%81%D1%82%D1%8C+%D0%BF%D0%BE%D0%B8%D1%81%D0%BA%D0%B0
9,https://www.cian.ru/cat.php?bbox=56.0520810995%2C36.7602801621%2C56.1385371939%2C36.9168353379&deal_type=sale&engine_version=2&in_polygon%5B1%5D=36.8172717_56.1161569%2C36.8258548_56.1161569%2C36.8340945_56.1157729%2C36.8423343_56.115197%2C36.8509173_56.1146211%2C36.8591571_56.1142371%2C36.8673968_56.1136612%2C36.8756366_56.1132773%2C36.8838763_56.1123174%2C36.8921161_56.1109736%2C36.8955493_56.1067502%2C36.8955493_56.1019508%2C36.8934894_56.0973435%2C36.8903995_56.0929281%2C36.8862796_56.0888966%2C36.8849063_56.0842893%2C36.8821597_56.0798739%2C36.8776965_56.0758424%2C36.8698001_56.0744986%2C36.8615604_56.0743067%2C36.8536639_56.0758424%2C36.8450809_56.0764184%2C36.8368411_56.0775702%2C36.828258_56.0783381%2C36.8200183_56.078914%2C36.8110919_56.078914%2C36.8025088_56.078722%2C36.7946124_56.0802578%2C36.7870593_56.0831374%2C36.7825961_56.0873608%2C36.7815662_56.0919682%2C36.7829394_56.0965756%2C36.7870593_56.100607%2C36.7915225_56.1046385%2C36.7949557_56.1090538%2C36.8004489_56.1128933%2C36.809032_56.1140452%2C36.8162418_56.1163488%2C36.8172717_56.1161569&maxsite=250&object_type%5B0%5D=3&offer_type=suburban&polygon_name%5B1%5D=%D0%9E%D0%B1%D0%BB%D0%B0%D1%81%D1%82%D1%8C+%D0%BF%D0%BE%D0%B8%D1%81%D0%BA%D0%B0
10,https://www.cian.ru/cat.php?bbox=56.01621362%2C36.7734980621%2C56.1027504717%2C36.9300532379&deal_type=sale&engine_version=2&in_polygon%5B1%5D=36.8301463_56.0417813%2C36.8346095_56.0416853%2C36.8389011_56.0412051%2C36.8430209_56.041109%2C36.8471408_56.0408209%2C36.8498874_56.0390922%2C36.8540073_56.0391882%2C36.8570972_56.0407249%2C36.8603587_56.0423576%2C36.8641353_56.0437982%2C36.8677402_56.0451428%2C36.8716884_56.0460072%2C36.8751216_56.0473517%2C36.8761516_56.0496567%2C36.8761516_56.0521538%2C36.8766666_56.0545548%2C36.8794132_56.0563796%2C36.8825031_56.0580123%2C36.8864513_56.0591648%2C36.8898845_56.0606055%2C36.8903995_56.0630065%2C36.8898845_56.0653115%2C36.8926311_56.0670402%2C36.8953777_56.0689611%2C36.8972659_56.07117%2C36.8982959_56.073475%2C36.8970943_56.075684%2C36.8934894_56.0768365%2C36.8893695_56.0777008%2C36.885078_56.0778929%2C36.8807864_56.077989%2C36.8763233_56.077989%2C36.8716884_56.077989%2C36.8673969_56.0777969%2C36.8631053_56.0777008%2C36.8582988_56.0776048%2C36.8538356_56.0776048%2C36.8493724_56.0776048%2C36.8450809_56.0777008%2C36.840961_56.077989%2C36.8368411_56.0786613%2C36.8322063_56.0793335%2C36.8277431_56.0796217%2C36.8234515_56.0799098%2C36.8188167_56.0799098%2C36.8145252_56.0795256%2C36.810062_56.0788533%2C36.8064571_56.0777008%2C36.8052554_56.0752998%2C36.8061137_56.0729948%2C36.8086887_56.071074%2C36.8110919_56.0690571%2C36.8138385_56.0672323%2C36.8162418_56.0647352%2C36.8183017_56.0627184%2C36.8210483_56.0607975%2C36.8241382_56.0589728%2C36.8275714_56.057244%2C36.830833_56.0555153%2C36.8327213_56.0531142%2C36.8334079_56.0507132%2C36.8337512_56.0484082%2C36.8335796_56.0459111%2C36.8330646_56.0435101%2C36.8301463_56.0417813&maxsite=250&object_type%5B0%5D=3&offer_type=suburban&polygon_name%5B1%5D=%D0%9E%D0%B1%D0%BB%D0%B0%D1%81%D1%82%D1%8C+%D0%BF%D0%BE%D0%B8%D1%81%D0%BA%D0%B0
11,https://www.cian.ru/cat.php?bbox=56.0015343191%2C36.8195891621%2C56.0881042124%2C36.9761443379&deal_type=sale&engine_version=2&in_polygon%5B1%5D=36.9120288_56.0726077%2C36.9079089_56.072896%2C36.903789_56.0727038%2C36.9006991_56.0711661%2C36.8974376_56.0697245%2C36.8928027_56.069244%2C36.8895412_56.0677063%2C36.8867946_56.0659764%2C36.8885112_56.063766%2C36.8891978_56.0614595%2C36.8866229_56.0593452%2C36.883018_56.058192%2C36.8792415_56.0569426%2C36.8764949_56.0550205%2C36.8758082_56.052714%2C36.8759799_56.0504075%2C36.8756366_56.0480049%2C36.87186_56.0468516%2C36.8682551_56.0456983%2C36.8648219_56.0441607%2C36.8624187_56.0422386%2C36.862247_56.0399321%2C36.8636203_56.0376256%2C36.8653369_56.0354151%2C36.8672252_56.0331086%2C36.8689418_56.0309943%2C36.8710017_56.0286878%2C36.8727183_56.0263813%2C36.8740916_56.0241709%2C36.8756366_56.0218644%2C36.8785548_56.0202306%2C36.8816447_56.0186929%2C36.8852496_56.0175397%2C36.8895412_56.0167708%2C36.893661_56.0168669%2C36.8981242_56.016963%2C36.9025874_56.016963%2C36.906879_56.0173475%2C36.9113421_56.0177319%2C36.915462_56.0179241%2C36.9197536_56.0183085%2C36.9238734_56.0193657%2C36.92765_56.0208072%2C36.9300532_56.0227293%2C36.9314265_56.0249397%2C36.9326282_56.0272462%2C36.9334865_56.0295528%2C36.9334865_56.0319554%2C36.9334865_56.0344541%2C36.9326282_56.0369528%2C36.9312549_56.0393554%2C36.9297099_56.0417581%2C36.9285083_56.0440646%2C36.927135_56.0464672%2C36.9259334_56.0488698%2C36.9250751_56.0512724%2C36.9242168_56.0538672%2C36.9237018_56.056366%2C36.9230151_56.0589608%2C36.9218135_56.0615556%2C36.9207835_56.0641504%2C36.9195819_56.0665531%2C36.9182086_56.0687635%2C36.916492_56.07107%2C36.9132304_56.0725116%2C36.9120288_56.0726077&maxsite=250&object_type%5B0%5D=3&offer_type=suburban&polygon_name%5B1%5D=%D0%9E%D0%B1%D0%BB%D0%B0%D1%81%D1%82%D1%8C+%D0%BF%D0%BE%D0%B8%D1%81%D0%BA%D0%B0
13,https://www.cian.ru/cat.php?bbox=55.9787252375%2C36.9058036621%2C56.0653464607%2C37.0623588379&deal_type=sale&engine_version=2&in_polygon%5B1%5D=36.926403_56.0229646%2C36.9276047_56.0254642%2C36.9282913_56.0278677%2C36.9291496_56.0303674%2C36.9305229_56.0325786%2C36.9318962_56.0350782%2C36.9327545_56.0375779%2C36.9330978_56.0400775%2C36.9360161_56.0420003%2C36.9399643_56.0429617%2C36.9439125_56.0439231%2C36.9478607_56.0450768%2C36.9518089_56.0461344%2C36.9557571_56.0470958%2C36.9597053_56.0480572%2C36.9638252_56.0483456%2C36.9679451_56.0482494%2C36.9722366_56.047961%2C36.9766998_56.0480572%2C36.9808197_56.0474803%2C36.9849396_56.0465189%2C36.9892311_56.0458459%2C36.993351_56.0450768%2C36.9976425_56.0443077%2C37.0015907_56.0430579%2C37.0055389_56.0421926%2C37.0093155_56.0406544%2C37.0122337_56.0389238%2C37.015152_56.0372895%2C37.0185852_56.0359435%2C37.0220184_56.0345975%2C37.0256233_56.0332516%2C37.0287132_56.0317133%2C37.0312881_56.0298867%2C37.0342064_56.0282523%2C37.0378113_56.0269063%2C37.0412445_56.0253681%2C37.0417595_56.0230607%2C37.0386696_56.0215225%2C37.035408_56.0198881%2C37.0326614_56.0180614%2C37.0299148_56.0161386%2C37.0293999_56.0138313%2C37.0287132_56.0115239%2C37.0281982_56.0092165%2C37.0275116_56.006813%2C37.0264816_56.0045057%2C37.025795_56.0021022%2C37.0245933_55.9998909%2C37.0233917_55.9976797%2C37.0209884_55.9957569%2C37.0166969_55.9966222%2C37.0129204_55.9975836%2C37.0093155_55.9989295%2C37.0055389_56.0002755%2C37.0015907_56.0016215%2C36.9979858_56.0031597%2C36.9943809_56.0045057%2C36.9904327_56.0060439%2C36.9866562_56.0073899%2C36.9830513_56.0087358%2C36.9789314_56.0100818%2C36.9748115_56.0115239%2C36.9706917_56.0128699%2C36.9670868_56.0141197%2C36.9633102_56.0155618%2C36.9591903_56.0167155%2C36.9550705_56.0176769%2C36.9509506_56.0185421%2C36.9470024_56.0192151%2C36.9427109_56.0202727%2C36.9384193_56.0212341%2C36.9341278_56.0220032%2C36.9300079_56.0223877%2C36.926403_56.0229646&maxsite=250&object_type%5B0%5D=3&offer_type=suburban&polygon_name%5B1%5D=%D0%9E%D0%B1%D0%BB%D0%B0%D1%81%D1%82%D1%8C+%D0%BF%D0%BE%D0%B8%D1%81%D0%BA%D0%B0
18,https://www.cian.ru/cat.php?bbox=55.9533761004%2C36.6505051242%2C56.126537531%2C36.9636154758&deal_type=sale&engine_version=2&in_polygon%5B1%5D=36.7626_56.0931535%2C36.7711831_56.0933457%2C36.7797661_56.092577%2C36.784916_56.0887335%2C36.7880059_56.0839292%2C36.7924691_56.0798935%2C36.7996789_56.0768187%2C36.8055154_56.0735518%2C36.8092919_56.0691318%2C36.8140984_56.0652883%2C36.8189049_56.0608683%2C36.8254281_56.0576013%2C36.8312646_56.0541422%2C36.8333245_56.04953%2C36.8326378_56.0449178%2C36.8326378_56.0401134%2C36.8316079_56.0355013%2C36.8305779_56.0308891%2C36.8305779_56.0260847%2C36.8336678_56.0214725%2C36.8412209_56.0185899%2C36.8480874_56.0158995%2C36.8546105_56.0128247%2C36.8580437_56.0085969%2C36.8570138_56.0039847%2C36.8522072_55.9997568%2C36.8460274_55.9964899%2C36.8384743_55.9937994%2C36.8316079_55.9909168%2C36.8243981_55.987842%2C36.8161584_55.986689%2C36.8079186_55.9876499%2C36.7996789_55.9893794%2C36.7931557_55.9924542%2C36.7897225_55.996682%2C36.7873192_56.0018708%2C36.7869759_56.0066751%2C36.7866326_56.0116716%2C36.785946_56.0170525%2C36.7842293_56.0222412%2C36.7811394_56.0266612%2C36.7763329_56.0312734%2C36.772213_56.03627%2C36.7694665_56.04069%2C36.7660332_56.0456865%2C36.76363_56.0508752%2C36.7622567_56.0556796%2C36.76157_56.0604839%2C36.7608834_56.0652883%2C36.7591668_56.0700926%2C36.7581368_56.074897%2C36.7571068_56.0797013%2C36.7560769_56.0845057%2C36.7581368_56.0893101%2C36.7643166_56.0923848%2C36.7626_56.0931535&maxsite=250&object_type%5B0%5D=3&offer_type=suburban&polygon_name%5B1%5D=%D0%9E%D0%B1%D0%BB%D0%B0%D1%81%D1%82%D1%8C+%D0%BF%D0%BE%D0%B8%D1%81%D0%BA%D0%B0
21,https://www.cian.ru/cat.php?bbox=55.8563010218%2C36.4123966742%2C56.029898671%2C36.7255070258&deal_type=sale&engine_version=2&in_polygon%5B1%5D=36.4930775_55.9640775%2C36.4954808_55.9690869%2C36.4996006_55.9733256%2C36.5047505_55.9769863%2C36.5099003_55.981225%2C36.5164235_55.984115%2C36.5236332_55.9866197%2C36.531873_55.9854637%2C36.5394261_55.9833443%2C36.5469792_55.9814176%2C36.5548756_55.980069%2C36.562772_55.9785276%2C36.5689518_55.9754449%2C36.5741017_55.9717842%2C36.5802815_55.9685089%2C36.5878346_55.9663895%2C36.5940144_55.9631142%2C36.5981343_55.9590682%2C36.6036274_55.9548295%2C36.6101506_55.9515541%2C36.617017_55.9486641%2C36.6242268_55.9453887%2C36.6314366_55.942306%2C36.6379597_55.939416%2C36.6455128_55.9367187%2C36.6506627_55.933058%2C36.6496327_55.928434%2C36.6451695_55.9243879%2C36.6389897_55.9211126%2C36.6324666_55.9182225%2C36.6252568_55.9155252%2C36.6183903_55.9126352%2C36.6122105_55.9095525%2C36.6060307_55.9060845%2C36.5995076_55.9031944%2C36.5919545_55.9006898%2C36.5833714_55.8997264%2C36.5761616_55.9022311%2C36.5692952_55.9055065%2C36.562772_55.9085891%2C36.5565922_55.9116718%2C36.5500691_55.9151399%2C36.5442326_55.9184152%2C36.5373661_55.9218832%2C36.5311863_55.9255439%2C36.5246632_55.929012%2C36.5188267_55.9322873%2C36.5129902_55.935948%2C36.5071537_55.9392234%2C36.5002873_55.9421134%2C36.4937642_55.9453887%2C36.4889576_55.9494348%2C36.487241_55.9542515%2C36.487241_55.9590682%2C36.488271_55.9636922%2C36.4930775_55.9640775&land_status%5B0%5D=1&land_status%5B1%5D=2&land_status%5B2%5D=5&land_status%5B3%5D=7&maxsite=250&object_type%5B0%5D=3&offer_type=suburban&polygon_name%5B1%5D=%D0%9E%D0%B1%D0%BB%D0%B0%D1%81%D1%82%D1%8C+%D0%BF%D0%BE%D0%B8%D1%81%D0%BA%D0%B0
24,https://www.cian.ru/cat.php?bbox=55.9167145896%2C36.7474797621%2C56.0034752952%2C36.9040349379&deal_type=sale&engine_version=2&in_polygon%5B1%5D=36.8192342_55.9322685%2C36.8278172_55.9338098%2C36.8364003_55.9357365%2C36.8449834_55.9376632%2C36.8525365_55.9399753%2C36.8552831_55.9444067%2C36.8549397_55.9490308%2C36.8528798_55.9536548%2C36.8525365_55.9582789%2C36.8525365_55.9630957%2C36.8521932_55.9679124%2C36.8515065_55.9727292%2C36.8497899_55.9773532%2C36.84773_55.9819773%2C36.8429234_55.9858307%2C36.8346837_55.9879501%2C36.8257573_55.9877574%2C36.8182042_55.9854454%2C36.8099645_55.9835187%2C36.8027547_55.9812066%2C36.7969182_55.9775459%2C36.7969182_55.9725365%2C36.7979482_55.9675271%2C36.7969182_55.9625177%2C36.7962316_55.9573156%2C36.7986348_55.9523061%2C36.8024114_55.9469114%2C36.8058446_55.9422873%2C36.8089345_55.9370852%2C36.8130544_55.9330391%2C36.8192342_55.9322685&maxsite=250&object_type%5B0%5D=3&offer_type=suburban&polygon_name%5B1%5D=%D0%9E%D0%B1%D0%BB%D0%B0%D1%81%D1%82%D1%8C+%D0%BF%D0%BE%D0%B8%D1%81%D0%BA%D0%B0
25,https://www.cian.ru/cat.php?bbox=55.9196817456%2C36.8496810121%2C56.0064357793%2C37.0062361879&deal_type=sale&engine_version=2&in_polygon%5B1%5D=36.967784_55.9462221%2C36.9605743_55.9491113%2C36.9523345_55.9508447%2C36.9434081_55.9500743%2C36.9355117_55.9485334%2C36.9269286_55.947763%2C36.9186889_55.9469926%2C36.9107925_55.9448739%2C36.902896_55.9431404%2C36.8953429_55.9412143%2C36.8877898_55.9392883%2C36.8792068_55.9387104%2C36.870967_55.9385178%2C36.8634139_55.9404439%2C36.8575774_55.9437182%2C36.8541442_55.9481482%2C36.8534576_55.9527708%2C36.8544875_55.9573934%2C36.8524276_55.9622086%2C36.850711_55.9668312%2C36.8579207_55.9693351%2C36.8661605_55.9706834%2C36.8744002_55.9724168%2C36.88264_55.9745355%2C36.8901931_55.9766542%2C36.8984328_55.9785803%2C36.9066726_55.9803138%2C36.914569_55.981662%2C36.9228088_55.9826251%2C36.9310485_55.9841659%2C36.9392882_55.9855142%2C36.947528_55.9862846%2C36.9564544_55.9866698%2C36.9653808_55.987055%2C36.9739638_55.9874403%2C36.9828902_55.9876329%2C36.9918166_55.9876329%2C37.000743_55.9853216%2C37.0052062_55.9810842%2C37.0031463_55.9764616%2C36.9983398_55.9724168%2C36.9931899_55.9685647%2C36.9880401_55.9649051%2C36.9835769_55.9608603%2C36.9801437_55.956623%2C36.9760238_55.9523856%2C36.9715606_55.9481482%2C36.967784_55.9462221&maxsite=250&object_type%5B0%5D=3&offer_type=suburban&polygon_name%5B1%5D=%D0%9E%D0%B1%D0%BB%D0%B0%D1%81%D1%82%D1%8C+%D0%BF%D0%BE%D0%B8%D1%81%D0%BA%D0%B0
26,https://www.cian.ru/cat.php?bbox=55.6769908336%2C36.4456722984%2C56.0250126541%2C37.0718930016&deal_type=sale&engine_version=2&in_polygon%5B1%5D=36.9136212_55.7820792%2C36.9156811_55.7913385%2C36.9191144_55.8005978%2C36.9211743_55.8102429%2C36.9211743_55.819888%2C36.9204877_55.8295331%2C36.9232342_55.8387924%2C36.9301007_55.8484375%2C36.9191144_55.8561535%2C36.9040082_55.8600116%2C36.888902_55.8638696%2C36.8724225_55.8677277%2C36.855943_55.8715857%2C36.8387768_55.8746721%2C36.8236706_55.8785302%2C36.8085644_55.8835456%2C36.7927716_55.8874037%2C36.7762921_55.8908759%2C36.7611859_55.8947339%2C36.7453931_55.8974346%2C36.7289136_55.8978204%2C36.7103741_55.900521%2C36.6938946_55.904379%2C36.6787884_55.9090087%2C36.6643689_55.9136383%2C36.6478894_55.9147957%2C36.6314099_55.9205828%2C36.6156171_55.9167248%2C36.6053174_55.9093945%2C36.5984509_55.9009068%2C36.5895245_55.8928049%2C36.5902112_55.8835456%2C36.5874646_55.8742863%2C36.5984509_55.8665703%2C36.6128705_55.8615548%2C36.6314099_55.85924%2C36.6478894_55.8584684%2C36.6629956_55.8542245%2C36.6801617_55.8507523%2C36.6966412_55.8465084%2C36.7131207_55.8426504%2C36.7302869_55.8391782%2C36.7447064_55.8337769%2C36.7598126_55.8283757%2C36.7735455_55.8229744%2C36.7879651_55.8168015%2C36.8037579_55.8129435%2C36.8188641_55.8086997%2C36.8353436_55.8056132%2C36.8518231_55.8029126%2C36.8689893_55.7990546%2C36.8834088_55.7944249%2C36.8998883_55.7917243%2C36.9163678_55.7921101%2C36.9136212_55.7820792&maxsite=250&object_type%5B0%5D=3&offer_type=suburban&polygon_name%5B1%5D=%D0%9E%D0%B1%D0%BB%D0%B0%D1%81%D1%82%D1%8C+%D0%BF%D0%BE%D0%B8%D1%81%D0%BA%D0%B0
27,https://www.cian.ru/cat.php?bbox=55.8697917697%2C36.6401913121%2C55.9566579543%2C36.7967464879&deal_type=sale&engine_version=2&in_polygon%5B1%5D=36.6417363_55.9189282%2C36.6424229_55.923749%2C36.6451695_55.9281841%2C36.6475728_55.9331978%2C36.649976_55.9376329%2C36.6564992_55.9405254%2C36.6650822_55.939754%2C36.6726353_55.9378257%2C36.6808751_55.9370544%2C36.6894581_55.9364759%2C36.6980412_55.9355117%2C36.706281_55.9349332%2C36.714864_55.9345476%2C36.7231038_55.9335834%2C36.7316868_55.9330049%2C36.7406132_55.9314623%2C36.7491963_55.9303053%2C36.7577794_55.9289555%2C36.7656758_55.9276056%2C36.7735722_55.9262558%2C36.781812_55.9258701%2C36.7890217_55.9229777%2C36.7893651_55.9181569%2C36.7917683_55.9137217%2C36.7952015_55.9094794%2C36.7890217_55.9063941%2C36.7811253_55.9050443%2C36.7756321_55.9015733%2C36.7739155_55.8969454%2C36.7708256_55.8925102%2C36.7667058_55.8884608%2C36.759496_55.8859539%2C36.7512562_55.8861468%2C36.7430165_55.8878823%2C36.7351201_55.8900034%2C36.726537_55.8925102%2C36.7182972_55.8948242%2C36.7107441_55.8967525%2C36.703191_55.8986808%2C36.6949513_55.900802%2C36.6873982_55.9029231%2C36.6801884_55.9052371%2C36.6729786_55.9079368%2C36.6654255_55.9110221%2C36.6582158_55.9143002%2C36.6506627_55.9169999%2C36.6431096_55.9189282%2C36.6417363_55.9189282&maxsite=250&object_type%5B0%5D=3&offer_type=suburban&polygon_name%5B1%5D=%D0%9E%D0%B1%D0%BB%D0%B0%D1%81%D1%82%D1%8C+%D0%BF%D0%BE%D0%B8%D1%81%D0%BA%D0%B0
28,https://www.cian.ru/cat.php?bbox=55.8368803503%2C36.7553494621%2C55.9238204836%2C36.9119046379&deal_type=sale&engine_version=2&in_polygon%5B1%5D=36.7632459_55.8841295%2C36.7714856_55.8827794%2C36.7783521_55.8800792%2C36.7865918_55.8783434%2C36.7944882_55.8768004%2C36.8023847_55.8748717%2C36.8102811_55.87275%2C36.8185208_55.8708213%2C36.8267606_55.8692783%2C36.8350003_55.868314%2C36.8432401_55.8669639%2C36.8507932_55.8650351%2C36.8586896_55.8632993%2C36.866586_55.8615634%2C36.8737958_55.859249%2C36.8820355_55.8582846%2C36.8892453_55.8605991%2C36.8913053_55.8654209%2C36.8947385_55.8696641%2C36.8992017_55.8737144%2C36.9033216_55.8777647%2C36.9040082_55.8823937%2C36.900575_55.8868298%2C36.8919919_55.8868298%2C36.8837522_55.8877941%2C36.8751691_55.887987%2C36.866586_55.887987%2C36.8580029_55.8881799%2C36.8497632_55.8885656%2C36.8411801_55.8891442%2C36.8322537_55.8906872%2C36.825044_55.8931946%2C36.8178342_55.8960877%2C36.8126843_55.8999451%2C36.8054746_55.9024525%2C36.7972348_55.9022596%2C36.7886518_55.9022596%2C36.7810987_55.8997522%2C36.7752622_55.8964734%2C36.7701123_55.8924231%2C36.7659925_55.887987%2C36.7632459_55.8841295&maxsite=250&object_type%5B0%5D=3&offer_type=suburban&polygon_name%5B1%5D=%D0%9E%D0%B1%D0%BB%D0%B0%D1%81%D1%82%D1%8C+%D0%BF%D0%BE%D0%B8%D1%81%D0%BA%D0%B0
29,https://www.cian.ru/cat.php?bbox=55.8709057165%2C36.7797253621%2C55.9577693977%2C36.9362805379&deal_type=sale&engine_version=2&in_polygon%5B1%5D=36.8624662_55.939226%2C36.8528531_55.9386476%2C36.8449567_55.9371051%2C36.8360303_55.9355627%2C36.8274472_55.9334418%2C36.8209241_55.9303569%2C36.8154309_55.9266935%2C36.8102811_55.9230302%2C36.8075345_55.9185956%2C36.8065045_55.9139682%2C36.8071912_55.9093409%2C36.8106244_55.9050991%2C36.8140576_55.9006645%2C36.8192075_55.8970012%2C36.8264173_55.8943019%2C36.8339704_55.8923738%2C36.8422101_55.8908313%2C36.8511365_55.8900601%2C36.8593762_55.8898673%2C36.867616_55.8892889%2C36.8761991_55.8892889%2C36.8844388_55.8902529%2C36.8906186_55.8935306%2C36.8967984_55.897194%2C36.9016049_55.9014357%2C36.9043515_55.9058703%2C36.9064115_55.9106905%2C36.9077848_55.9157035%2C36.9095014_55.9203309%2C36.9095014_55.9251511%2C36.9046948_55.9292%2C36.898515_55.9326706%2C36.8902753_55.9345986%2C36.8816922_55.9365267%2C36.8734525_55.9380692%2C36.8648694_55.9394188%2C36.8624662_55.939226&maxsite=250&object_type%5B0%5D=3&offer_type=suburban&polygon_name%5B1%5D=%D0%9E%D0%B1%D0%BB%D0%B0%D1%81%D1%82%D1%8C+%D0%BF%D0%BE%D0%B8%D1%81%D0%BA%D0%B0
30,https://www.cian.ru/cat.php?bbox=55.8105772582%2C36.7632458742%2C55.9843802053%2C37.0763562258&deal_type=sale&engine_version=2&in_polygon%5B1%5D=36.9613431_55.9411939%2C36.9448636_55.944284%2C36.9283841_55.945829%2C36.9105313_55.9454427%2C36.9029782_55.936945%2C36.9043515_55.9276747%2C36.9002316_55.9184044%2C36.8947385_55.9091341%2C36.8913052_55.8998639%2C36.8906186_55.8905936%2C36.887872_55.880937%2C36.8830655_55.8712805%2C36.878259_55.8623965%2C36.8913052_55.8546712%2C36.9070981_55.8515811%2C36.9235776_55.8492636%2C36.9345639_55.8566025%2C36.9407437_55.8654866%2C36.9434903_55.8747568%2C36.9414304_55.8840271%2C36.9434903_55.8932974%2C36.9462369_55.9025677%2C36.9469235_55.911838%2C36.9469235_55.9214945%2C36.95173_55.9303785%2C36.9599698_55.93849%2C36.9613431_55.9411939&maxsite=250&object_type%5B0%5D=3&offer_type=suburban&polygon_name%5B1%5D=%D0%9E%D0%B1%D0%BB%D0%B0%D1%81%D1%82%D1%8C+%D0%BF%D0%BE%D0%B8%D1%81%D0%BA%D0%B0
31,https://www.cian.ru/cat.php/?center=55.806737048576515%2C36.995401242747896&deal_type=sale&engine_version=2&in_polygon%5B1%5D=37.075899_55.7852039%2C37.0717792_55.7853006%2C37.067831_55.7859776%2C37.0633678_55.7869448%2C37.0601062_55.7884923%2C37.0573596_55.7903299%2C37.054613_55.7925544%2C37.0515231_55.7944887%2C37.0491199_55.796423%2C37.0465449_55.7983573%2C37.0441417_55.8007753%2C37.0417384_55.802903%2C37.0388202_55.8049341%2C37.0360736_55.806675%2C37.033327_55.8085126%2C37.0307521_55.8108338%2C37.0269756_55.8125747%2C37.0238856_55.8142188%2C37.022169_55.8163466%2C37.0183925_55.8177006%2C37.0142726_55.8183776%2C37.0101527_55.8186678%2C37.0056895_55.8188612%2C37.0012263_55.8190547%2C36.9969348_55.8192481%2C36.9926433_55.8194415%2C36.9883517_55.8194415%2C36.9837169_55.8193448%2C36.979597_55.8189579%2C36.9751338_55.8188612%2C36.9706706_55.8188612%2C36.9665507_55.8189579%2C36.9622592_55.8188612%2C36.9584827_55.8177974%2C36.9553928_55.8162499%2C36.9531612_55.8140254%2C36.9516162_55.8117042%2C36.9509296_55.8092863%2C36.9502429_55.8069651%2C36.9502429_55.8045472%2C36.9500713_55.802226%2C36.9505862_55.7999048%2C36.9511012_55.7970033%2C36.9511012_55.794392%2C36.9507579_55.7919741%2C36.9512729_55.7894594%2C36.9535045_55.7868481%2C36.9550494_55.7844302%2C36.9571094_55.7822057%2C36.9603709_55.7803681%2C36.9638042_55.7789173%2C36.9674091_55.7777567%2C36.9717006_55.7771764%2C36.9758205_55.7772732%2C36.9802837_55.7777567%2C36.9845752_55.77766%2C36.9888667_55.7771764%2C36.9933299_55.7764027%2C36.9972781_55.7753388%2C37.0031146_55.7734045%2C37.0075778_55.7717603%2C37.0111827_55.7703096%2C37.0149593_55.7687621%2C37.0185641_55.7676015%2C37.0223407_55.7666344%2C37.0262889_55.7655705%2C37.0302371_55.7647%2C37.0345287_55.7642164%2C37.0393352_55.7642164%2C37.0437984_55.7647%2C37.0474033_55.7660541%2C37.0504932_55.7676982%2C37.0534114_55.7694391%2C37.0563296_55.77118%2C37.0592479_55.7728242%2C37.0628528_55.7747585%2C37.0661143_55.7766929%2C37.0690326_55.7787239%2C37.0716075_55.7805615%2C37.0743541_55.7824958%2C37.0757274_55.7847203%2C37.075899_55.7852039&maxsite=250&object_type%5B0%5D=3&offer_type=suburban&polygon_name%5B0%5D=%D0%9E%D0%B1%D0%BB%D0%B0%D1%81%D1%82%D1%8C%20%D0%BF%D0%BE%D0%B8%D1%81%D0%BA%D0%B0
32,https://www.cian.ru/cat.php?bbox=55.7240979443%2C36.7364026652%2C55.8855556257%2C37.3791028605&deal_type=sale&engine_version=2&in_polygon%5B1%5D=36.9157888_55.7834941%2C36.921282_55.787363%2C36.9233419_55.7921991%2C36.9226553_55.7968417%2C36.9216253_55.8018712%2C36.9195654_55.8067073%2C36.9188787_55.8115434%2C36.9185354_55.8163795%2C36.919222_55.8210221%2C36.9199087_55.8262451%2C36.920252_55.8312746%2C36.9226553_55.8359172%2C36.9247152_55.8409468%2C36.9271185_55.845396%2C36.930895_55.8500386%2C36.9343282_55.8542944%2C36.9377615_55.8585501%2C36.9370748_55.8633862%2C36.9449712_55.8655141%2C36.953211_55.865901%2C36.9614507_55.8655141%2C36.9696905_55.8643534%2C36.9779302_55.8633862%2C36.9854833_55.8612583%2C36.9930364_55.8593239%2C37.0023061_55.857196%2C37.0105459_55.855455%2C37.019129_55.8535206%2C37.0270254_55.8517796%2C37.0349218_55.8500386%2C37.0428182_55.8473304%2C37.0507146_55.8452025%2C37.0589544_55.8432681%2C37.0675375_55.8423009%2C37.0761205_55.8411402%2C37.0847036_55.840173%2C37.0929433_55.8392058%2C37.1022131_55.8380451%2C37.1104528_55.8363041%2C37.1186925_55.8343697%2C37.1276189_55.8328222%2C37.1358587_55.8312746%2C37.1437551_55.8299205%2C37.1516515_55.828373%2C37.159548_55.8268254%2C37.1684743_55.8256648%2C37.1774007_55.8243106%2C37.1856405_55.8225697%2C37.1945669_55.8212156%2C37.2024633_55.8192811%2C37.2096731_55.816186%2C37.2144796_55.8123172%2C37.2172262_55.807868%2C37.2185995_55.8030319%2C37.2185995_55.7976155%2C37.2189428_55.7927794%2C37.2189428_55.7879433%2C37.2185995_55.7833007%2C37.2144796_55.7792384%2C37.2103597_55.775176%2C37.2082998_55.7705334%2C37.2058965_55.7660842%2C37.2017767_55.7620219%2C37.1949102_55.7589268%2C37.1863271_55.7579596%2C37.1777441_55.7577661%2C37.169161_55.7577661%2C37.1609212_55.7579596%2C37.1523382_55.758153%2C37.1427251_55.7585399%2C37.1341421_55.7589268%2C37.125559_55.7589268%2C37.1169759_55.7591203%2C37.1077062_55.7595071%2C37.0984365_55.759894%2C37.0901968_55.7604744%2C37.080927_55.7610547%2C37.0726873_55.761635%2C37.0641042_55.7618285%2C37.0544912_55.7618285%2C37.0441915_55.7620219%2C37.0345785_55.7622153%2C37.0246221_55.7626022%2C37.016039_55.763376%2C37.0077993_55.7637629%2C36.9985296_55.765117%2C36.9889165_55.766858%2C36.9799902_55.7678252%2C36.9720937_55.7691793%2C36.9631673_55.7705334%2C36.954241_55.772081%2C36.9456579_55.7740154%2C36.9363882_55.775176%2C36.9278051_55.776917%2C36.9205953_55.7792384%2C36.9161321_55.7833007%2C36.9157888_55.7834941&maxsite=250&object_type%5B0%5D=3&offer_type=suburban&polygon_name%5B1%5D=%D0%9E%D0%B1%D0%BB%D0%B0%D1%81%D1%82%D1%8C+%D0%BF%D0%BE%D0%B8%D1%81%D0%BA%D0%B0
33,https://www.cian.ru/cat.php?center=56.134739980386286%2C36.81131469223631&deal_type=sale&engine_version=2&in_polygon%5B1%5D=36.7684852_56.1467122%2C36.7684852_56.1441246%2C36.7686568_56.1418245%2C36.7684852_56.1395243%2C36.7684852_56.1369367%2C36.7686568_56.1346366%2C36.7714034_56.1329115%2C36.7739783_56.130803%2C36.7765533_56.1287904%2C36.7784415_56.126682%2C36.7806731_56.1244777%2C36.7832481_56.1224651%2C36.7866813_56.1208358%2C36.7890845_56.1189191%2C36.7911445_56.1167148%2C36.7933761_56.1147022%2C36.796981_56.1135521%2C36.8016158_56.1128812%2C36.8062507_56.1126896%2C36.8107139_56.1131688%2C36.8144904_56.1144147%2C36.816722_56.1165231%2C36.8191253_56.1187274%2C36.8218719_56.1204525%2C36.8225585_56.1227526%2C36.8249618_56.1246694%2C36.8277083_56.1263945%2C36.8307983_56.1280237%2C36.8335448_56.1297488%2C36.8361198_56.1316656%2C36.839553_56.1330073%2C36.8438445_56.1332948%2C36.8481361_56.1332948%2C36.8519126_56.1344449%2C36.8551742_56.1329115%2C36.8586074_56.1315697%2C36.8616973_56.1331032%2C36.8639289_56.1351158%2C36.8666755_56.1368409%2C36.8690787_56.1387576%2C36.8728553_56.1399077%2C36.8754302_56.1418245%2C36.8762885_56.1441246%2C36.8773185_56.1466164%2C36.8785201_56.1489165%2C36.8783485_56.1512166%2C36.8752585_56.1529417%2C36.870967_56.1538043%2C36.8666755_56.154571%2C36.8625556_56.1548585%2C36.8584357_56.155146%2C36.8543159_56.1555294%2C36.8498527_56.1560085%2C36.8452178_56.1566794%2C36.8409263_56.1570628%2C36.8362914_56.1576378%2C36.8321715_56.1580212%2C36.8280517_56.158117%2C36.8239318_56.1585003%2C36.8196403_56.1590754%2C36.8151771_56.1595546%2C36.8103705_56.1601296%2C36.8062507_56.1603213%2C36.8017875_56.1608963%2C36.7973243_56.1614713%2C36.7928611_56.1617588%2C36.7883979_56.1621422%2C36.784793_56.1609921%2C36.7832481_56.1587879%2C36.7829047_56.1564877%2C36.7834197_56.1541876%2C36.7827331_56.1518875%2C36.7794715_56.1504499%2C36.7753516_56.1496832%2C36.7715751_56.148629%2C36.7688285_56.1469039%2C36.7684852_56.1467122&maxsite=250&object_type%5B0%5D=3&offer_type=suburban&polygon_name%5B1%5D=%D0%9E%D0%B1%D0%BB%D0%B0%D1%81%D1%82%D1%8C%20%D0%BF%D0%BE%D0%B8%D1%81%D0%BA%D0%B0
34,https://www.cian.ru/cat.php/?center=55.88361242378811%2C37.09843997843561&deal_type=sale&engine_version=2&in_polygon%5B1%5D=36.9409939_55.8686226%2C36.9492336_55.8670784%2C36.9571301_55.8655342%2C36.9653698_55.8645691%2C36.9736096_55.8632179%2C36.981506_55.8612877%2C36.9897457_55.8603226%2C36.9993588_55.8589714%2C37.0079418_55.8580063%2C37.0151516_55.85569%2C37.0227047_55.8533737%2C37.0309445_55.8516365%2C37.0381542_55.8491272%2C37.045364_55.8468109%2C37.0529171_55.8448807%2C37.0608135_55.8431435%2C37.0690533_55.8406342%2C37.0762631_55.8381249%2C37.0838162_55.8361946%2C37.0920559_55.8348435%2C37.1002956_55.8332993%2C37.1085354_55.8327202%2C37.1171185_55.8321411%2C37.1257015_55.830983%2C37.1342846_55.8300179%2C37.142181_55.8286667%2C37.1500774_55.8269295%2C37.1583172_55.8253853%2C37.1675869_55.8238411%2C37.17617_55.8221039%2C37.1840664_55.8205597%2C37.1926495_55.8188225%2C37.2005459_55.8174714%2C37.2108456_55.8157341%2C37.2190853_55.814383%2C37.2276684_55.8157341%2C37.2317883_55.8199807%2C37.2369381_55.8238411%2C37.2417446_55.8277016%2C37.2465511_55.8319481%2C37.2510143_55.8361946%2C37.2554775_55.8404412%2C37.2592541_55.8450737%2C37.2637173_55.8491272%2C37.2668072_55.8535667%2C37.2695538_55.8580063%2C37.271957_55.8626388%2C37.2736736_55.8674644%2C37.2743603_55.872097%2C37.2692104_55.8759575%2C37.2606274_55.8759575%2C37.2510143_55.8773086%2C37.2427746_55.8790458%2C37.2341915_55.88059%2C37.2262951_55.8825203%2C37.2173687_55.8842575%2C37.209129_55.8863807%2C37.2012325_55.88889%2C37.1923061_55.8913993%2C37.1840664_55.8939086%2C37.17617_55.8960319%2C37.1679302_55.8977691%2C37.1603771_55.8996994%2C37.1517941_55.9014366%2C37.1438976_55.9037528%2C37.1370312_55.9064552%2C37.1301647_55.9099296%2C37.1239849_55.9137901%2C37.1171185_55.9172645%2C37.1099087_55.9195808%2C37.1016689_55.9205459%2C37.0903393_55.9220901%2C37.0810696_55.9232482%2C37.0724865_55.9245994%2C37.0639034_55.9257575%2C37.0556637_55.9263366%2C37.0470806_55.9273017%2C37.0384976_55.9290389%2C37.0299145_55.930004%2C37.0209881_55.9317412%2C37.0130917_55.9330924%2C37.0048519_55.9350226%2C36.9966122_55.9371459%2C36.9894024_55.9400413%2C36.9828793_55.9429366%2C36.9756695_55.9454459%2C36.9663998_55.9466041%2C36.96022_55.9431296%2C36.9561001_55.9388831%2C36.9547268_55.9340575%2C36.9523235_55.929618%2C36.948547_55.9253715%2C36.9461437_55.9207389%2C36.9447704_55.9161063%2C36.9437405_55.9112808%2C36.9437405_55.9058761%2C36.9440838_55.9004714%2C36.9440838_55.8952598%2C36.9444271_55.8904342%2C36.9444271_55.8854156%2C36.9444271_55.88059%2C36.9444271_55.8757644%2C36.9423672_55.8711319%2C36.9409939_55.8663063%2C36.9409939_55.8686226&maxsite=250&object_type%5B0%5D=3&offer_type=suburban&origin=map&polygon_name%5B1%5D=%D0%9E%D0%B1%D0%BB%D0%B0%D1%81%D1%82%D1%8C%20%D0%BF%D0%BE%D0%B8%D1%81%D0%BA%D0%B0
51,https://www.cian.ru/cat.php?center=55.965551295272014%2C37.69737394999997&deal_type=sale&engine_version=2&in_polygon%5B1%5D=37.7687851_55.8675335%2C37.749559_55.8710022%2C37.7351395_55.8760125%2C37.7241531_55.8837206%2C37.7124801_55.8902726%2C37.6980606_55.8956683%2C37.6822677_55.8983661%2C37.6657883_55.8987515%2C37.6486221_55.8991369%2C37.631456_55.8991369%2C37.6163498_55.9037618%2C37.6012436_55.9087721%2C37.588884_55.9149386%2C37.5854507_55.9241884%2C37.586824_55.9338236%2C37.5909439_55.9438442%2C37.5971237_55.9557918%2C37.6046768_55.9646562%2C37.6142898_55.9739059%2C37.6094833_55.9827703%2C37.5964371_55.9885514%2C37.5971237_55.9978012%2C37.6108566_56.0035823%2C37.6218429_56.0116759%2C37.6307693_56.0201548%2C37.6445022_56.0255505%2C37.6602951_56.0286338%2C37.6637283_56.0378836%2C37.6685348_56.0475187%2C37.6760879_56.0606226%2C37.7097336_56.0633204%2C37.7172867_56.0548415%2C37.728273_56.0471333%2C37.7385727_56.0398106%2C37.7488724_56.0321024%2C37.7577988_56.0240089%2C37.7639786_56.0151445%2C37.7667251_56.0058948%2C37.7680984_55.9962596%2C37.7694717_55.9866244%2C37.7687851_55.9773746%2C37.7674118_55.967354%2C37.7653519_55.9577188%2C37.7653519_55.9476982%2C37.7680984_55.9384485%2C37.7735916_55.9295841%2C37.7804581_55.9207197%2C37.7928177_55.9137824%2C37.8017441_55.9053034%2C37.8079239_55.8964391%2C37.8092972_55.8871893%2C37.803804_55.8775541%2C37.7880112_55.8725438%2C37.7722183_55.8694606%2C37.7687851_55.8675335&maxsite=250&object_type%5B0%5D=3&offer_type=suburban&origin=map&polygon_name%5B1%5D=%D0%9E%D0%B1%D0%BB%D0%B0%D1%81%D1%82%D1%8C%20%D0%BF%D0%BE%D0%B8%D1%81%D0%BA%D0%B0
52,https://www.cian.ru/cat.php?center=55.925065157524116%2C37.87283054999997&deal_type=sale&engine_version=2&in_polygon%5B1%5D=37.8445065_55.9669536%2C37.8396999_55.962907%2C37.8342068_55.9590531%2C37.8294003_55.9551992%2C37.825967_55.9509599%2C37.8211605_55.9467206%2C37.815324_55.9428667%2C37.8094875_55.9390128%2C37.8043377_55.9347735%2C37.7995312_55.9303416%2C37.795068_55.9257169%2C37.793008_55.9201287%2C37.7916348_55.9153113%2C37.7912914_55.9104939%2C37.793008_55.9052912%2C37.7974712_55.9008592%2C37.8022778_55.8970053%2C37.8081142_55.8931514%2C37.8156673_55.8891048%2C37.8225338_55.886407%2C37.8304302_55.8846728%2C37.8393566_55.8835166%2C37.848283_55.8831312%2C37.8572094_55.8831312%2C37.8657925_55.8840947%2C37.8740322_55.8860217%2C37.8815853_55.8879486%2C37.8891384_55.890261%2C37.8966915_55.8923806%2C37.9039013_55.8948856%2C37.912141_55.8977761%2C37.9193508_55.9002811%2C37.9251873_55.9035569%2C37.9310238_55.9072181%2C37.9368603_55.9104939%2C37.9409802_55.9145405%2C37.9451_55.9189725%2C37.9485333_55.9235972%2C37.9512798_55.9282219%2C37.9533398_55.9330393%2C37.9543697_55.937664%2C37.9512798_55.942096%2C37.9475033_55.9463353%2C37.9451_55.9507672%2C37.9413235_55.9550065%2C37.9351437_55.9580897%2C37.9269039_55.9573189%2C37.9176342_55.9571262%2C37.9083645_55.9571262%2C37.8987515_55.9571262%2C37.8894817_55.9575116%2C37.8805553_55.9580897%2C37.8723156_55.9590531%2C37.8633892_55.9613655%2C37.8561794_55.9636778%2C37.8496563_55.9665683%2C37.8445065_55.9669536&maxsite=250&object_type%5B0%5D=3&offer_type=suburban&origin=map&polygon_name%5B0%5D=%D0%9E%D0%B1%D0%BB%D0%B0%D1%81%D1%82%D1%8C%20%D0%BF%D0%BE%D0%B8%D1%81%D0%BA%D0%B0
53,https://www.cian.ru/cat.php?center=55.98941722055824%2C37.87001549999998&deal_type=sale&engine_version=2&in_polygon%5B1%5D=37.811994_55.942443%2C37.8016943_55.9351352%2C37.7893347_55.9270581%2C37.7749151_55.9328274%2C37.7721685_55.9420584%2C37.7687353_55.9512893%2C37.7639288_55.9620587%2C37.7584356_55.9720588%2C37.7563757_55.9812898%2C37.7570623_55.9905207%2C37.7639288_55.999367%2C37.7742285_56.0066748%2C37.7852148_56.013598%2C37.7934545_56.021675%2C37.7948278_56.0309059%2C37.8030676_56.0401368%2C37.8126806_56.0478293%2C37.8277868_56.0516755%2C37.8442663_56.050137%2C37.8593725_56.0459062%2C37.8724188_56.0401368%2C37.8868383_56.0355214%2C37.9033178_56.0320598%2C37.9204839_56.0309059%2C37.9376501_56.0293674%2C37.9548162_56.0282136%2C37.9712957_56.0259058%2C37.9802221_56.0178288%2C37.982282_56.0085979%2C37.9767889_55.9997516%2C37.9747289_55.9905207%2C37.9781622_55.9809051%2C37.9815954_55.9716742%2C37.9836553_55.9624433%2C37.9671758_55.9593663%2C37.9506964_55.9605202%2C37.9342169_55.9616741%2C37.9170507_55.9616741%2C37.8998846_55.9616741%2C37.8827184_55.9605202%2C37.866239_55.9612894%2C37.8490728_55.9605202%2C37.83328_55.956674%2C37.8222936_55.9493662%2C37.811994_55.942443&maxsite=250&object_type%5B0%5D=3&offer_type=suburban&origin=map&polygon_name%5B0%5D=%D0%9E%D0%B1%D0%BB%D0%B0%D1%81%D1%82%D1%8C%20%D0%BF%D0%BE%D0%B8%D1%81%D0%BA%D0%B0
54,https://www.cian.ru/cat.php?center=55.899496517639335%2C37.97381879999997&deal_type=sale&engine_version=2&in_polygon%5B0%5D=37.9848052_55.9597378%2C37.9669524_55.9597378%2C37.9504729_55.9574241%2C37.9470397_55.9481692%2C37.9545928_55.9396855%2C37.9539061_55.9304306%2C37.9470397_55.9219469%2C37.9401732_55.9134632%2C37.9319334_55.9053651%2C37.9202605_55.8980383%2C37.9085875_55.8914827%2C37.8989745_55.882999%2C37.8873015_55.8741297%2C37.8763152_55.8664173%2C37.8632689_55.8602473%2C37.849536_55.854463%2C37.8351164_55.8486786%2C37.82619_55.8405806%2C37.8289366_55.8313256%2C37.8371764_55.8232276%2C37.8412962_55.8139726%2C37.8543425_55.8078027%2C37.870822_55.8085739%2C37.8900481_55.8108877%2C37.9079009_55.8124302%2C37.9257536_55.813587%2C37.9422331_55.8151295%2C37.9593993_55.8170576%2C37.9758788_55.8193714%2C37.9916716_55.8224563%2C38.0054045_55.8290119%2C38.0198241_55.834025%2C38.0349303_55.8413518%2C38.0472899_55.8479074%2C38.0582762_55.8552342%2C38.0637694_55.8641035%2C38.0623961_55.8733585%2C38.0637694_55.8826134%2C38.0678893_55.8918683%2C38.0692626_55.9011233%2C38.076129_55.9099926%2C38.085742_55.917705%2C38.097415_55.9242606%2C38.1104613_55.9308162%2C38.1200743_55.9396855%2C38.1214476_55.9500973%2C38.1180144_55.9593522%2C38.1097746_55.9689928%2C38.0967284_55.9747771%2C38.0871153_55.9828752%2C38.0747557_55.9894308%2C38.0582762_55.9909732%2C38.0417967_55.9898164%2C38.0294371_55.9836464%2C38.0170775_55.9763196%2C38.0060912_55.9693784%2C37.9930449_55.9635941%2C37.9848052_55.9597378&maxsite=250&object_type%5B0%5D=3&offer_type=suburban&origin=map&polygon_name%5B0%5D=%D0%9E%D0%B1%D0%BB%D0%B0%D1%81%D1%82%D1%8C%20%D0%BF%D0%BE%D0%B8%D1%81%D0%BA%D0%B0
55,https://www.cian.ru/cat.php?center=56.026762078616585%2C38.099107399999966&deal_type=sale&engine_version=2&in_polygon%5B1%5D=37.9954239_56.0835003%2C37.9796311_56.0758013%2C37.9693314_56.0684872%2C37.9672714_56.0588635%2C37.9645249_56.0492397%2C37.970018_56.0400009%2C37.9789444_56.0303771%2C37.9858109_56.0215233%2C37.9878708_56.0122845%2C37.9837509_56.0026607%2C37.9789444_55.992652%2C37.9803177_55.9834132%2C37.9844376_55.9741744%2C38.0009171_55.9734045%2C38.0119034_55.9803336%2C38.0228897_55.9872627%2C38.035936_55.9941918%2C38.0510422_55.9980413%2C38.0675217_55.9961166%2C38.0798813_55.9895724%2C38.0915543_55.9826433%2C38.1052872_55.9760992%2C38.1217667_55.9710948%2C38.1382462_55.9707099%2C38.1567856_55.96994%2C38.1732651_55.9707099%2C38.1876847_55.9753293%2C38.2000443_55.9814885%2C38.210344_55.9888025%2C38.2185837_55.9968865%2C38.2261368_56.0053554%2C38.2336899_56.0138243%2C38.2281967_56.0230631%2C38.2124039_56.0280674%2C38.2007309_56.0346116%2C38.1876847_56.0403859%2C38.1712052_56.0426956%2C38.1547257_56.0438504%2C38.1396195_56.0476999%2C38.1258866_56.0534742%2C38.1094071_56.0565538%2C38.0936142_56.0607882%2C38.078508_56.0646377%2C38.0640885_56.0696421%2C38.0496689_56.0754163%2C38.0366226_56.0815755%2C38.0201432_56.0831153%2C38.002977_56.0831153%2C37.9954239_56.0835003&maxsite=250&object_type%5B0%5D=3&offer_type=suburban&origin=map&polygon_name%5B0%5D=%D0%9E%D0%B1%D0%BB%D0%B0%D1%81%D1%82%D1%8C%20%D0%BF%D0%BE%D0%B8%D1%81%D0%BA%D0%B0
56,https://www.cian.ru/cat.php?center=56.09098310055399%2C37.83635249999998&deal_type=sale&engine_version=2&in_polygon%5B1%5D=37.9994308_56.0847809%2C37.9870712_56.0774849%2C37.9760849_56.0701888%2C37.9664718_56.0625088%2C37.9561721_56.0540608%2C37.9479324_56.0448447%2C37.939006_56.0356287%2C37.9300796_56.0271806%2C37.9142868_56.0241086%2C37.8991806_56.0283326%2C37.8868209_56.0348607%2C37.8744613_56.0417727%2C37.8600418_56.0471487%2C37.8456222_56.0525247%2C37.8284561_56.0517567%2C37.8160965_56.0452287%2C37.8051101_56.0383167%2C37.787944_56.0371647%2C37.7748977_56.0433087%2C37.7632247_56.0498367%2C37.7460586_56.0525247%2C37.7302658_56.0563648%2C37.7144729_56.0605888%2C37.7000534_56.0659648%2C37.6876937_56.0721088%2C37.6760208_56.0797889%2C37.6732742_56.0897729%2C37.6760208_56.0989889%2C37.6801406_56.108205%2C37.6835739_56.118573%2C37.6842605_56.1289411%2C37.6870071_56.1385411%2C37.691127_56.1481412%2C37.7021133_56.1569732%2C37.7192794_56.1577412%2C37.7357589_56.1565892%2C37.7522384_56.1542852%2C37.7687179_56.1515972%2C37.7851974_56.1489092%2C37.8016769_56.1466052%2C37.8174697_56.1423811%2C37.8332626_56.1370051%2C37.8511154_56.1347011%2C37.8675949_56.1327811%2C37.8840744_56.1312451%2C37.8998672_56.1285571%2C37.9163467_56.1258691%2C37.9314529_56.122029%2C37.9451858_56.116653%2C37.9575454_56.110125%2C37.9692184_56.103597%2C37.981578_56.0974529%2C37.9939376_56.0909249%2C37.9994308_56.0847809&maxsite=250&object_type%5B0%5D=3&offer_type=suburban&origin=map&polygon_name%5B0%5D=%D0%9E%D0%B1%D0%BB%D0%B0%D1%81%D1%82%D1%8C%20%D0%BF%D0%BE%D0%B8%D1%81%D0%BA%D0%B0
57,https://www.cian.ru/cat.php?center=55.910525554078774%2C38.18986297119408&deal_type=sale&engine_version=2&in_polygon%5B1%5D=38.2448799_56.0184607%2C38.2380135_56.0088152%2C38.2297737_56.0007131%2C38.219474_55.9929967%2C38.2078011_55.986052%2C38.1954415_55.9798789%2C38.1817085_55.9721625%2C38.1700356_55.964832%2C38.1590492_55.9571156%2C38.1494362_55.9490134%2C38.1398232_55.9409112%2C38.1288368_55.9328091%2C38.1171639_55.9258643%2C38.1020577_55.9216203%2C38.0883248_55.9158331%2C38.0807717_55.9061876%2C38.0739052_55.8976996%2C38.0718453_55.8868967%2C38.0711586_55.8776371%2C38.0677254_55.8676058%2C38.0608589_55.858732%2C38.0567391_55.8490865%2C38.0546791_55.8398269%2C38.0539925_55.8305672%2C38.0622322_55.8220792%2C38.0773384_55.8182211%2C38.0938179_55.8201502%2C38.1082375_55.8251658%2C38.1205971_55.8313389%2C38.1308968_55.8390552%2C38.1418831_55.8463858%2C38.1535561_55.8529447%2C38.1679756_55.8591178%2C38.1844551_55.8633618%2C38.2016213_55.8641334%2C38.2187874_55.8641334%2C38.2359535_55.8645192%2C38.2448799_55.8730072%2C38.252433_55.8814952%2C38.2599861_55.8899832%2C38.2682259_55.8988571%2C38.2785256_55.9069592%2C38.2908852_55.9131323%2C38.3039314_55.9204629%2C38.3156044_55.9270218%2C38.3204109_55.9385963%2C38.3210976_55.947856%2C38.3210976_55.9575014%2C38.3224709_55.9667611%2C38.3128578_55.9744774%2C38.3011849_55.9810363%2C38.2908852_55.9891385%2C38.2812721_55.9976265%2C38.2709725_56.0049571%2C38.2592995_56.0119018%2C38.2483132_56.0188465%2C38.2448799_56.0184607&maxsite=250&object_type%5B0%5D=3&offer_type=suburban&origin=map&polygon_name%5B0%5D=%D0%9E%D0%B1%D0%BB%D0%B0%D1%81%D1%82%D1%8C%20%D0%BF%D0%BE%D0%B8%D1%81%D0%BA%D0%B0
41,https://www.cian.ru/cat.php?center=55.954347178100114%2C37.49485834999995&deal_type=sale&engine_version=2&in_polygon%5B1%5D=37.4316869_55.8973096%2C37.4399267_55.8888403%2C37.4550329_55.8849906%2C37.4715124_55.8876854%2C37.4879919_55.8911501%2C37.5030981_55.8969247%2C37.5161443_55.9030842%2C37.5305639_55.9084737%2C37.5463567_55.9115535%2C37.5635229_55.9130933%2C37.5813757_55.9134783%2C37.5985418_55.9127084%2C37.6150213_55.9103985%2C37.6315008_55.9130933%2C37.6356207_55.9234875%2C37.6369939_55.9331117%2C37.6376806_55.9423509%2C37.6315008_55.9515901%2C37.6308141_55.9608294%2C37.6301275_55.9704536%2C37.6260076_55.9796928%2C37.6129613_55.9854673%2C37.5964819_55.989317%2C37.5992284_55.9985563%2C37.613648_56.0039458%2C37.6109014_56.013185%2C37.5964819_56.0181896%2C37.5800024_56.0197295%2C37.5642095_56.0231942%2C37.54773_56.0235792%2C37.5319372_56.0208844%2C37.5188909_56.0147249%2C37.5072179_56.0081805%2C37.5010381_55.9993262%2C37.4893652_55.9920118%2C37.4770055_55.9854673%2C37.4618993_55.9800778%2C37.4488531_55.9739183%2C37.4358068_55.9677588%2C37.4193273_55.9646791%2C37.4028478_55.965064%2C37.384995_55.9646791%2C37.3678289_55.9627542%2C37.3520361_55.9596745%2C37.3554693_55.9504352%2C37.3650823_55.9427359%2C37.375382_55.9350365%2C37.3863683_55.9277221%2C37.3980413_55.9200228%2C37.4104009_55.9134783%2C37.4207006_55.9061639%2C37.4303136_55.8984645%2C37.4316869_55.8973096&maxsite=250&object_type%5B0%5D=3&offer_type=suburban&origin=map&polygon_name%5B0%5D=%D0%9E%D0%B1%D0%BB%D0%B0%D1%81%D1%82%D1%8C%20%D0%BF%D0%BE%D0%B8%D1%81%D0%BA%D0%B0
42,https://mytishchi.cian.ru/kupit-zemelniy-uchastok/?bbox=55.953487340494696%2C37.144215563312166%2C56.08021552833357%2C37.63860032893717&center=56.016903631189976%2C37.39140794612467&deal_type=sale&engine_version=2&in_polygon%5B0%5D=37.5251886_56.0216871%2C37.5100824_56.0166912%2C37.4949762_56.0128482%2C37.4812433_56.0066993%2C37.4695703_56.0001662%2C37.4572107_55.9940173%2C37.4462243_55.9870999%2C37.4338647_55.9790295%2C37.4187585_55.9728807%2C37.4029657_55.9678848%2C37.3830529_55.9632732%2C37.3658868_55.9609673%2C37.3494073_55.9586615%2C37.3349878_55.9632732%2C37.3253747_55.9709592%2C37.3191949_55.9797982%2C37.3109552_55.9886371%2C37.3034021_55.9970918%2C37.293789_56.0059307%2C37.2862359_56.0147697%2C37.2800561_56.0236086%2C37.2738763_56.0324476%2C37.2704431_56.0416708%2C37.2814294_56.0505098%2C37.2972223_56.0562743%2C37.3123285_56.0616545%2C37.3281213_56.0658819%2C37.3466607_56.0693406%2C37.3645135_56.0716464%2C37.380993_56.0735679%2C37.3974725_56.0754894%2C37.413952_56.0774109%2C37.4304315_56.076258%2C37.444851_56.0716464%2C37.4544641_56.0635761%2C37.4654504_56.05589%2C37.4764367_56.0489726%2C37.4908563_56.0435923%2C37.5052758_56.0389807%2C37.510769_56.0301418%2C37.5238153_56.0243772%2C37.5251886_56.0216871&maxsite=250&object_type%5B0%5D=3&offer_type=suburban&origin=map&polygon_name%5B0%5D=%D0%9E%D0%B1%D0%BB%D0%B0%D1%81%D1%82%D1%8C+%D0%BF%D0%BE%D0%B8%D1%81%D0%BA%D0%B0
43,https://www.cian.ru/cat.php?bbox=55.94289404936694%2C37.05346313437499%2C56.19600286413945%2C38.04223266562498&center=56.0696570829591%2C37.547847899999994&deal_type=sale&engine_version=2&in_polygon%5B0%5D=37.610676_56.0057585%2C37.5983163_56.0122966%2C37.5852701_56.0184501%2C37.5694772_56.0219115%2C37.5523111_56.0234499%2C37.5365182_56.0276804%2C37.521412_56.0315264%2C37.5063058_56.0372954%2C37.4911996_56.0419105%2C37.4726602_56.0496024%2C37.4596139_56.0565252%2C37.447941_56.0638325%2C37.4369546_56.0707552%2C37.4287149_56.0792163%2C37.4225351_56.0884466%2C37.4156686_56.0969077%2C37.4136087_56.1065226%2C37.4191019_56.1153684%2C37.4307748_56.1219065%2C37.445881_56.1272908%2C37.4623605_56.1303676%2C37.4809_56.1311368%2C37.4973794_56.1307522%2C37.5131723_56.1349827%2C37.5289651_56.1322906%2C37.5454446_56.1315214%2C37.5626108_56.129983%2C37.5784036_56.1253678%2C37.5948831_56.1226757%2C37.610676_56.1192143%2C37.6216623_56.111907%2C37.6312753_56.1038305%2C37.641575_56.095754%2C37.653248_56.0884466%2C37.6683542_56.0834469%2C37.6820871_56.0780625%2C37.6772806_56.0688322%2C37.6738473_56.0596019%2C37.6724741_56.049987%2C37.6690408_56.0407567%2C37.6656076_56.0315264%2C37.6518747_56.0257575%2C37.6395151_56.0192193%2C37.6271554_56.011912%2C37.6175424_56.0042201%2C37.610676_56.0057585&maxsite=250&object_type%5B0%5D=3&offer_type=suburban&origin=map&polygon_name%5B0%5D=%D0%9E%D0%B1%D0%BB%D0%B0%D1%81%D1%82%D1%8C%20%D0%BF%D0%BE%D0%B8%D1%81%D0%BA%D0%B0
44,https://www.cian.ru/cat.php?bbox=55.98421229279003%2C36.844739384374925%2C56.23704948598899%2C37.83350891562494&center=56.11083938963995%2C37.33912414999993&deal_type=sale&engine_version=2&in_polygon%5B1%5D=37.2732062_56.0401404%2C37.2841925_56.047818%2C37.2965521_56.0551117%2C37.310285_56.0608699%2C37.3267645_56.0666281%2C37.343244_56.0708508%2C37.3590368_56.0739218%2C37.3755163_56.0762251%2C37.3919958_56.0777606%2C37.409162_56.0781445%2C37.4263281_56.0800639%2C37.4428076_56.0850543%2C37.4455542_56.0946513%2C37.4428076_56.1038644%2C37.4489874_56.1126937%2C37.461347_56.1188357%2C37.4647803_56.1288166%2C37.4565405_56.1380297%2C37.4503607_56.146859%2C37.4434942_56.1560721%2C37.4373144_56.1649013%2C37.4311346_56.1741144%2C37.4208349_56.1814082%2C37.4036688_56.1810243%2C37.3899359_56.1752661%2C37.3768896_56.1695079%2C37.36453_56.1629819%2C37.3535437_56.1560721%2C37.3439306_56.1480106%2C37.3356909_56.1395653%2C37.3267645_56.1311199%2C37.3130316_56.1253617%2C37.2965521_56.1215229%2C37.2814459_56.1173002%2C37.2656531_56.1138453%2C37.2512335_56.108471%2C37.2381872_56.101945%2C37.2265143_56.0950352%2C37.213468_56.089277%2C37.2196478_56.0804478%2C37.2292608_56.0723863%2C37.2395605_56.0650926%2C37.2519201_56.0581827%2C37.2622198_56.050889%2C37.2697729_56.0424437%2C37.2732062_56.0401404&maxsite=250&object_type%5B0%5D=3&offer_type=suburban&origin=map&polygon_name%5B0%5D=%D0%9E%D0%B1%D0%BB%D0%B0%D1%81%D1%82%D1%8C%20%D0%BF%D0%BE%D0%B8%D1%81%D0%BA%D0%B0
45,https://www.cian.ru/cat.php?bbox=56.07046573271916%2C37.320448667187485%2C56.19680885022211%2C37.81483343281249&center=56.13368939905826%2C37.567641049999985&deal_type=sale&engine_version=2&in_polygon%5B1%5D=37.5192325_56.1365201%2C37.5041263_56.1319176%2C37.4876468_56.1284658%2C37.4711673_56.1265481%2C37.4560611_56.1326847%2C37.4491947_56.1411225%2C37.4437015_56.1503274%2C37.438895_56.1591488%2C37.4347751_56.1683537%2C37.429282_56.1771751%2C37.4231022_56.1859964%2C37.4382084_56.1905989%2C37.4546879_56.1913659%2C37.4711673_56.1925166%2C37.4876468_56.1929001%2C37.5054996_56.1929001%2C37.5219791_56.192133%2C37.5391452_56.1913659%2C37.5563114_56.1913659%2C37.5727909_56.1917495%2C37.5892704_56.1905989%2C37.6036899_56.1856129%2C37.6187961_56.181394%2C37.6332157_56.176408%2C37.6490085_56.1737232%2C37.6641147_56.1698879%2C37.6764744_56.1633677%2C37.6874607_56.156464%2C37.6950138_56.1476427%2C37.7005069_56.1388213%2C37.7053135_56.13%2C37.70806_56.1207951%2C37.7114933_56.1112066%2C37.7121799_56.1012347%2C37.7114933_56.0916462%2C37.71012_56.0824413%2C37.6998203_56.0751541%2C37.6826542_56.074387%2C37.6682346_56.0797566%2C37.6579349_56.0878108%2C37.6476352_56.0950981%2C37.6366489_56.1023853%2C37.6242893_56.1089054%2C37.6160495_56.1169597%2C37.6009433_56.1211786%2C37.5851505_56.1242469%2C37.5700443_56.1292329%2C37.5549381_56.1330683%2C37.5384586_56.135753%2C37.5219791_56.1372872%2C37.5192325_56.1365201&maxsite=250&object_type%5B0%5D=3&offer_type=suburban&origin=map&polygon_name%5B0%5D=%D0%9E%D0%B1%D0%BB%D0%B0%D1%81%D1%82%D1%8C%20%D0%BF%D0%BE%D0%B8%D1%81%D0%BA%D0%B0